name,address,city,state,zip_code,phone,email,website,description,service_types,years_in_business,rentals_managed,bbb_rating,management_fee,tenant_placement_fee,lease_renewal_fee,miscellaneous_fees,source_city,source_state,source_url
Ziprent,"4600 E Washington St suite 300, Phoenix, AZ 85034",Phoenix,AZ,85034,(480) 764-3762,,,"In Phoenix, Ziprent combines automation with hands-on expertise to offer standout property management and tenant placement, helping landlords increase rental income through clear flat fee pricing and consistently praised 5-star support. Ziprent is transforming the rental experience for Phoenix property owners with a forward thinking, full-service approach to provide thebest property managementand tenant placement services. Their process includes marketing and advertising listings with professional photography through their broad listing syndication across top platforms like Zillow, Apartments, and Redfin, along with their automated on-demand showing process that uses secure smart lockboxes and thorough tenant screening to find the most qualified renters for their landlords. After finding the ideal tenant, Ziprent manages everything from handling rent processing and collection, generating and handling lease renewals, and providing support for both landlords and tenants via phone and email. With clear flat fee pricing, no percentage based commissions, and a strong satisfaction guarantee, Ziprent offers Phoenix landlords a dependable, streamlined way to keep their properties running smoothly.","Residential Single Family Homes, Multi-Family",6+ years,"4,000+",A+,$150 per month (Flat Fee),"$1,250 paid after tenant is placed",$250,$250 photography fee for first time landlords,Phoenix,AZ,https://ipropertymanagement.com/companies/phoenix-az
Caldwell Property Management,"1206 E Warner Rd Ste 214, Gilbert, AZ 85296",Phoenix,AZ,85296,480-203-7511,,,"Caldwell Property Management serves residential clients throughout Phoenix and the surrounding areas, providing real estate brokerage and property management services. Caldwell helps investors to identify the Phoenix property investment that allows you to meet your goals, starting with a market analysis to find unique investment opportunities and assist with the purchase process. They also work with existing property owners to help you maximize your return on investment through their full-service property management that handles everything from advertising to evictions. To ensure you get the most out of your investment, they perform a free rental analysis that utilizes current market conditions to identify the right price point for your property to attract tenants while maximizing profits. Once your property is ready to be leased, Caldwell markets your vacancy, schedules and conducts showings, screens potential tenants for a variety of background information, and drafts the lease in compliance with Arizona Landlord-Tenant laws. As part of their daily management services, they also handle rent collection, lease renewals and evictions, tenant communication, maintenance and inspections, and monthly financial reporting that keeps you informed on your investment’s performance.",Residential only,23+ years,Unknown,A+,"$75 – $110 per month, depending on plan",1 month’s rent for tenant placement only,$199,$150 startup fee,Phoenix,AZ,https://ipropertymanagement.com/companies/phoenix-az
Simply Property Management,"15650 N Black Canyon Hwy Ste 115B, Phoenix, AZ 85053-4057",Phoenix,AZ,15650,602-993-1768,,,"Simply Property Management, also known as Paielli Realty, provides residential management and even property buying services to Phoenix. Simply Property Management, also known as Paielli Realty, provides residential management and even property buying services to Phoenix. They offer exceptional local experience of 30+ years, helping to market the property to local tenants and earn more rent for owners. They offer multiple tiers of services spanning from background checks only to tenant placement, or management services that include placement, maintenance, rent collection, eviction management, and more. There is also a 30-day guarantee on their services, so you can give them a try before you commit your property to them.",Residential only,30+ years,Unknown,A+,"7-10% of monthly rent (min. $95/month), plus $30-50 depending on plan",1 month’s rent ($800 min.) for tenant placement only,"Simply Property Management – $120 – $140, depending on plan","$85 – $120 property evaluation fee (depending on plan), $99 set-up fee with some plans, $99 – $499 marketing fee (depending on plan), $350 eviction services fee",Phoenix,AZ,https://ipropertymanagement.com/companies/phoenix-az
Red Hawk Property Management,"2451 E. Baseline Rd, Suite 410, Gilbert, AZ 85234",Phoenix,AZ,85234,480-396-9766,,,"Red Hawk Property Management is a smaller-scale residential management company that offers affordability and individual touch to Phoenix landlords. Red Hawk is dedicated to making your job as a landlord easier. Their comprehensive services allow them to take over the entirety of the leasing process (except the profits) on your behalf through efficient communication, decades of knowledge, and quality customer service. Their services begin with property and market evaluations to lock in the right price for listing. They use a MLS service as well as online listing sites to get your property in front of as many potential renters as possible, who are then screened diligently so that you only see the best. When a tenant is chosen, the lease, security deposit, and all rent & maintenance is handled for you. Simply collect and review financial documentation as you earn rental income.",Residential only,12+ years,400+,A+,"$89/month, but only when unit is occupied",50% of one month’s rent,"$75, only charged on leases one year in length or longer","One inspection is provided free, optional additional inspections cost $75",Phoenix,AZ,https://ipropertymanagement.com/companies/phoenix-az
AZ Prime Property and Real Estate Management,"3920 S. Rural Rd, Suite #110, Tempe, AZ 85282",Phoenix,AZ,85282,480-449-6632,,,"AZ Prime Property and Real Estate Management offers full-service rental property management and real estate services to Phoenix and the surrounding areas. AZ Prime handles all aspects of the rental property process, including brokerage, tenant placement, and daily management. They work with investors to offer market research, budgeting, and buying assistance to help you find the optimal investment property to turn into rental income. Their in-house maintenance team can also assist with remodeling to help maximize its earning potential. Once the property is prepared for leasing and priced through their free rental analysis, their tenant placement services will begin marketing the property, conducting showings, and completing an extensive screening of each applicant to ensure that they are reliable. During the lease term, they take care of all communication, bill payment, rent collection, maintenance, and legal proceedings while you’ll receive regular financial reports through the owner portal to help you stay up-to-date on how your investment is performing.",Residential only,13+ years,Unknown,A,"10% of collected rents; for 3 or more units, the fee is 8%",6% of total lease,$150,$99 one-time account setup fee,Phoenix,AZ,https://ipropertymanagement.com/companies/phoenix-az
Mynd Management,"58 S River Dr. Ste 150, Tempe, AZ 85281",Phoenix,AZ,85281,480-757-5985,,,"Mynd Management works with owners of residential properties throughout the Greater Phoenix area. Mynd Management aims to help eliminate the risks of leasing your property through a number of guarantees that maximize your returns. They’ll cover up to $5,000 towards court costs and legal fees, and $5,000 towards lost rental income if your tenant misses a payment for any reason. Their services start with a free consultation to gain a better understanding of your goals and needs and create a custom marketing plan in addition to a rental analysis to gain insight into current market conditions and identify the right price point for your property. Once your property is ready to be leased, Mynd handles marketing, showings, screening, leasing, and security deposit deposition, allowing you to be completely hands-off while they generate you passive income. Daily management services include rent collection, inspections, maintenance, tenant relations, legal guidance, accounting, evictions, and more.",Residential only,5+ years,8000+,A+,"$60 – $75 per month, depending on number of properties",50% of one month’s rent,$199,,Phoenix,AZ,https://ipropertymanagement.com/companies/phoenix-az
HomeQwik,"3310 W Bell Rd #1010, Phoenix, AZ 85053",Phoenix,AZ,85053,602-792-5353,,,"HomeQwik provides residential property management and real estate services to investors & owners throughout Greater Arizona. HomeQwik allows you to access the benefits of leasing your property without the time investment and experience necessary to be successful at it. Their full-service solutions include real estate brokerage assistance to find new property and management that can place tenants & oversee the tenancy. HomeQwik emphasizes effective tenant placement for a simpler and more profitable rental process, with a 21-day guarantee to ensure you minimize vacancy costs while they market the property, screen applicants, and customize a lease for your property. During the lease term, they’ll communicate with the tenant directly, collect & disburse the rent, pay property bills, coordinate maintenance, handle lease issues, and provide 24/7 financial summaries through the provided online owner portal.",Residential only,8+ years,2000+,A+,"$89 for the standard full service management package, $139 for the gold package, or $189 for the platinum package","1 month’s rent for placement-only services. $600 for basic management package, fee included with gold and platinum package","$200 flat fee for the standard package, no cost for gold or platinum",,Phoenix,AZ,https://ipropertymanagement.com/companies/phoenix-az
Paramount Management & Realty,"2432 W. Peoria Ave #1044, Phoenix, AZ 85029",Phoenix,AZ,85029,623-688-5844,,,"Paramount Management & Realty offers comprehensive property and association management that aims to make your Phoenix property as valuable as possible. Their comprehensive property management capabilities include houses, apartments, condos, and commercial buildings in addition to HOA management. Marketing and market research provide them with the ability to find better tenants at higher rent rates and increase overall cash flow for property owners. You’ll receive monthly statements, online portal access for documentation and reports, and direct deposit to keep your income steady and finances in check. They offer multiple levels of service depending on what you’re looking for, with 5+ unit buildings and commercial properties requiring a custom quote.","Residential, commercial, and HOA",11+ years,N/A,A+,"$89 per month or 4-6% of monthly rent for multi-family management, depending on property size","7% of gross lease, or 50% of one month’s rent with management plan",$145/lease,,Phoenix,AZ,https://ipropertymanagement.com/companies/phoenix-az
SGI Property Management,"2932 N 7th Ave, Phoenix, AZ 85013",Phoenix,AZ,85013,602-714-7933,,,"SGI Property Management provides Phoenix property owners with full-service management solutions backed by over a decade of market experience. SGI’s works to make it as simple, stress-free, and profitable as possible to own a rental property in Phoenix thanks to full-service management solutions. They also offer additional guarantees that extend to tenant placement and daily management to add even more value to their services. Tenant placement guarantees a 14-day placement and includes a 6-month tenant warranty for all tenants SGI finds for you through their marketing, showing, screening, and leasing services. Daily management is backed by a 2-month money-back guarantee and includes everything necessary to generate reliable income from your property. This includes maintenance, rent collection, lease renewals, evictions, reporting, and more.",Residential only,11+ years,500+,A+,"8% or $109 per month, depending on the plan chosen","50% of one month’s rent or $599, depending on the plan chosen",,"$199 setup fee, $49 or $29 accounting fee",Phoenix,AZ,https://ipropertymanagement.com/companies/phoenix-az
Opulent Real Estate Group LLC,"5320 N. 16th St. #201, Phoenix, AZ 85016",Phoenix,AZ,85016,480-588-8356,,,"Opulent Real Estate Group works with residential properties throughout Phoenix, offering both real estate and management services backed by over 17 years of experience. Opulent handles all types of residential investment properties to help you get started or get serious about your rental income property. Their team consists of property managers and real estate agents who provide insight into the local market that helps identify properties that would excel as a rental so that you can make an informed decision about how to move forward with your investment before committing to a specific property. They’ll also help you through the buying process and assist with preparing the property for the rental market through improvements and maintenance that adds value & increased earning potential. Opulent’s tenant placement includes a high-quality listing, unlimited showings, in-depth screening, custom leases, security deposit handling, and move-in procedure handling so that you can get a vetted tenant in place as soon as possible before their complete daily management takes over the duties of the landlord for you. They coordinate inspections, respond to maintenance calls, address lease concerns, generate reports for you to stay informed with, and collect the rent so that you can avoid being on-call or chasing down the rent for a stress-free experience.",Residential only,17+ years,Unknown,A+,"$69 per month or 6 – 8% of monthly rent, depending on property type, size, and status","$175 – $499 or 5% of annual rent, depending on property type, size, and status",,,Phoenix,AZ,https://ipropertymanagement.com/companies/phoenix-az
Active Renter Property Management,"3602 E Greenway Rd #105, Phoenix, AZ 85032",Phoenix,AZ,85032,602-635-1063,,,"Active Renter Property Management offers full-service real estate brokerage and management solutions for residential properties and communities throughout Phoenix. Active Renter’s comprehensive services span all aspects of real estate, from acquisition and sales to full-service property management and HOA management. For over a decade, they have been leaders in the local property management scene, having established a reputation for their commitment to treating clients, their properties, and their communities with the care, diligence, and respect they would show their own properties. When you choose them to be your Phoenix property management partner, you’ll have access to their investor-only insurance rates, vendors’ volume discounts, and exclusive buyers club, with 12 months of management provided for free if you purchase or sell a home with one of their preferred agents. For your peace of mind, Active Renter guarantees any tenant they place will fulfill at least 6 months of their lease or they’ll be replaced for free.",Residential and HOA,10+ years,300+,A+,"7.9% to 11.99% of monthly rent, depending on plan",1 month’s rent for tenant placement only,,,Phoenix,AZ,https://ipropertymanagement.com/companies/phoenix-az
"Desert Wide Properties, Inc.","3330 North Dobson Road Suite 3, Chandler, AZ 85224",Phoenix,AZ,85224,480-838-6631,,,"Desert Wide Properties assists with managing all kinds of residential rental properties throughout Phoenix. Desert Wide Properties has over 40 years of Phoenix market experience that they put to use providing complete management solutions that maximize profitability through diligent upkeep, low cost maintenance, and effective communication. They can help investors to quickly get their property to market with cost-effective improvement recommendations and provide property owners with insight into the rental market to help discover your property’s expected earning potential so that you can decide how to move forward. Once the property is rent-ready, Desert Wide Properties creates a listing, markets it on rental sites, shows the property, and drafts a lease that affords you the maximum legal & financial protection for the best profitability possible. Daily management ensures that your tenancy has everything it needs to succeed, working to quickly & effectively address all maintenance needs, collect & disburse rental income, and remedy lease issues for continued cash flow.",Residential only,44+ years,Unknown,A+,"8% of monthly rent or $85 per month, whichever is greater",$495,,,Phoenix,AZ,https://ipropertymanagement.com/companies/phoenix-az
Real Property Management Evolve,"2310 W Mission Ln Ste#4 Phoenix, AZ 85021",Phoenix,AZ,85021,866-286-1579,,,"Real Property Management Evolve provides residential services to Phoenix and the surrounding areas with an emphasis on communication and customer service. RPM Evolve agents have more than 30 years in the Phoenix market, which helps them to market your property effectively for the best return on investment. Their local connections with maintenance and construction companies helps to keep costs down for improvements or emergencies, which are accessible 24/7 through the tenant portal. All services include tenant placement, emergency management, rent collection, and lease support with a $395 setup fee, but the basic package has tax preparation, inspections, and other optional services for an extra fee. Platinum includes all these extras plus eviction protection which allows for free remarketing and tenant placement if the tenant is evicted within 6 months. Currently, signing up with RPM Evolve gets you 2 free months of management for free.","Residential, commercial, and HOA",7+ years,Unknown,N/A,"$69 for the standard plan, $119 for the platinum plan",,"$199 per renewal on the standard plan, no cost (free) on the platinum plan",,Phoenix,AZ,https://ipropertymanagement.com/companies/phoenix-az
ProEx Realty Management,"15823 N 33rd Pl, Phoenix, AZ 85032",Phoenix,AZ,15823,480-685-8393,,,"ProEx Realty Management is a locally owned and operated Phoenix property management company serving residential property owners throughout the Phoenix metro area. ProEx is committed to helping you achieve all of your real estate goals, whether you’re looking for assistance in building your portfolio or simply seeking full-service property management, making serving the local community their mission. Unlike the competition, they have experience as both property managers and investors, so they understand the importance of finding the right tenants and the right company to manage your investment. They’re also set apart by the guarantees they offer, ranging from $700 towards eviction costs, no re-leasing fees, and $1,000 in coverage towards pet damages to their 30-day lease guarantee that states you won’t have to pay a leasing fee if they’re unable to fill your vacancy within one month. For properties of their own, creative financing has allowed them to net a 40-60% ROI and they pride themselves on their ability to maximize your returns, minimize your expenses, and eliminate your stresses so you can get back to enjoying life. If you’re unhappy with ProEx’s services at any time, they’ll waive one month’s management fee if they’re unable to remedy your concerns or you can terminate your contract penalty-free.",Residential only,2+,750+,N/A,8% of collected rent per month,50% of one month’s rent with management or 1 full month’s rent for tenant placement only,,,Phoenix,AZ,https://ipropertymanagement.com/companies/phoenix-az
Rentals America Phoenix,"4711 E Falcon Dr, Ste 221, Mesa, AZ 85215",Phoenix,AZ,85215,480-374-5500,,,"Rentals America Phoenix is a local branch of the national Rentals America organization, servicing residential properties in Phoenix. Rentals America Phoenix makes renting out your property easy and cost-effective thanks to a low flat-rate fee for their comprehensive management services. They work with single-family homes, multi-unit buildings, and other forms of residential real estate to help keep tenants happy and landlords profitable. Services begin with a free market analysis that helps identify the right price to lease for, which helps attract desirable and reliable tenants to keep your income flow steady. Each plan includes a dedicated account manager to make it easy to stay informed along with an owner portal and 4 different guarantees: tenant placement, eviction, satisfaction, and 90-day refund guarantees. These ensure that you’re happy and profitable with Rentals America Phoenix services without the need for active involvement in the leasing process.",Residential only,16+ years,Unknown,A+,$99 per month,50% of one month’s rent,,,Phoenix,AZ,https://ipropertymanagement.com/companies/phoenix-az
Brewer & Stratton Property Management,"3635 E. Inverness Ave. # 101, Mesa, AZ 85206",Phoenix,AZ,85206,480-219-2111,,,"Brewer & Stratton Property Management handles buying and managing rental properties for residential landlords and investors in Phoenix. The highly-qualified team at Brewer & Stratton has over 100 years of experience in real estate and property management, which helps provide valuable insight into the local market to help find the right rental property investment or simply get the best rate for your rental. They will advertise throughout the MLS and on popular rental sites to help find the perfect tenants. After careful screening, they will complete leasing and security deposit handling before the tenancy starts. During tenancy, they offer 24/7 emergency support, emergency maintenance, online bill payment for tenants, and an owner portal for you to keep track of the property at any time.",Residential only,9+ years,1200+,A+,$75 per month,$499,,,Phoenix,AZ,https://ipropertymanagement.com/companies/phoenix-az
Key Renter Premier Property Management,"14362 North Frank Lloyd Wright Blvd., Suite 2158, Scottsdale, AZ 85260",Phoenix,AZ,14362,480-400-6040,,,"Key Renter Premier Property Management is a residential-only property management company that offers variable rates depending on your portfolio. Key Renter Premier wants to maximize your rental income. They offer a free rent analysis that discovers the right price point to list your property quickly without sacrificing profits, which can then be executed by their tenant placement or full management services. Tenants are guaranteed to be placed within the property in 21 days or less or placement is free – and with no evictions in the past 2 years, you can be confident in avoiding vacancy or high turnover of tenants. All services are paid based on the rent collected so you pay nothing upfront and nothing until you start generating income, minimizing the risk of giving Key Renter Premier a try.",Residential only,6+ years,Unknown,A+,"9-11% of monthly rent for 1-2 properties, depending on plan and 6-7% of monthly rent for 3+ properties, depending on the portfolio size & type",50% of first month’s rent (minimum $1000),,,Phoenix,AZ,https://ipropertymanagement.com/companies/phoenix-az
Renters Warehouse Phoenix,"7227 North 16th Street, Suite 260, Phoenix, AZ 85020",Phoenix,AZ,85020,480-210-1042,,,"Renters Warehouse Phoenix is a local division of Renters Warehouse (22,000+ units managed) that services Phoenix and the surrounding areas with large-scale infrastructure but localized service. Renters Warehouse Phoenix aims to make the decision to have your rental property managed a no-brainer. There are no upfront fees and they follow a simple and transparent pricing model that starts only when they have a tenant and lease established for your property. After a market analysis, your property will be marketed to all major listing sites where all potential applicants will be screened, the property shown, and high-quality tenants will be presented for you to choose from. Their extensive screening process ensures you lease to tenants who will pay on time, minimize damages, and stay for extended periods of time to avoid vacancy. During tenancy, all tenant-facing services will be managed for you – just view and approve financial statements!",Residential only,13+ years,"22,000+",A+,$99 per month per unit,,,"$99 setup fee for new leases or $199 for taking over existing leases, $199 eviction fee",Phoenix,AZ,https://ipropertymanagement.com/companies/phoenix-az
Mark Brower Properties,"4864 E. Baseline Road Suite 109, Mesa, AZ 85206",Phoenix,AZ,85206,480-336-2556,,,"Mark Brower Properties is a residential real estate brokerage and property management company serving property owners and investors throughout the Greater Phoenix area. Mark Brower Properties’ comprehensive real estate investment solutions address all of your needs, whether you’re looking to buy, sell, or rent out a residential property. Their team prides themselves on their expertise, knowledge, and negotiation skills, selling 97% of the homes they have listed and helping buyers to get the best deals possible for new rental properties. They are also passionate about helping investors build up portfolios so you can enjoy high profits for years to come. When you choose to partner with them for management services, they’ll take over all daily responsibilities of being a landlord, saving you the headaches of dealing with tenants on your own. To minimize the risks of leasing your property, they offer several protections and guarantees, including up to $5,000 in tenant damage protection, up to $5,000 in enhanced pet damage protection, coverage of all legal fees associated with an eviction, and one month’s rent in eviction rent protection. Holding a 4.5-star approval rating, Mark Brower Properties is a leading Phoenix property management company, with praise from clients and tenants for their professionalism.",Residential only,11+ years,Unknown,A+,$159 – $199 per month depending on the service plan,,$199,,Phoenix,AZ,https://ipropertymanagement.com/companies/phoenix-az
Real Property Management Phoenix Valley,"706 E. Bell Road, Suite 115, Phoenix, AZ 85022",Phoenix,AZ,85022,602-358-8130,,,"Real Property Management Phoenix Valley provides residential and HOA management to the greater Phoenix area, with over 500 properties under their care. RPM Phoenix Valley is all about letting their numbers speak for themselves, with a sub-1% eviction rate, 97% rent collection rate, and 99% of properties occupied at any given time. They accomplish this with extensive marketing efforts and market research which not only prices the property correctly, but ensures reliable tenants. They also offer a 12-month guarantee on any tenants they place, or the replacement is free. Rent collection, in-house maintenance, and evictions are handled as part of all packages, with multiple packages available depending on the property type, number of properties, and required services. Each property owner will work with a property manager that is always accessible and both tenants and owners can receive 24/7 support through their portals.",Residential and HOA,15+ years,500+,A+,"$69 for basic, $115 for professional, and a variable percentage of rent per month for multi-family properties.",,,,Phoenix,AZ,https://ipropertymanagement.com/companies/phoenix-az
Mosaic Properties,"1530 E Williams Field Rd #203, Gilbert, AZ 85295",Phoenix,AZ,85295,480-588-9500,,,"Mosaic Properties works with property owners of all portfolio sizes and property types in the greater Phoenix area, which has amassed them a portfolio of over 1,000 properties under management. Mosaic Properties takes a slightly different approach than many management companies, electing to manage properties by department instead of by individual portfolio managers. This allows them to improve customer service times because there is always a qualified individual that knows the department available to you. As a result, turnaround times are improved for showings, applicant screening, maintenance requests, and re-leasing services to minimize vacancies. They handle every aspect of the leasing process from start to finish, starting with market analysis to find the right price point and handling tenant-facing interactions throughout the term of the lease.",Residential only,14+ years,1000+,A+,$75 per month per unit,,,,Phoenix,AZ,https://ipropertymanagement.com/companies/phoenix-az
Service Star Realty,"2929 E Camelback Rd. #119, Phoenix, AZ 85016",Phoenix,AZ,85016,480-712-1277,,,"Service Star Realty specializes in the management of single-family and multi-unit residential properties, serving the Greater Phoenix area. Service Star aims to minimize the risks of leasing your property so you can sit back and enjoy passive income without all of the hassles of being a landlord. They’ll utilize the latest software to efficiently market and advertise your vacancy and screen prospective tenants for multiple points of background data before the lease is drafted in compliance with Arizona Landlord-Tenant laws. Placed tenants are guaranteed to fulfill at least six months of their lease term, and if they break their lease for any reason, Service Star will replace them at no additional cost to you. Their pet damage protection guarantee also covers up to $2,000 towards damages caused by approved pets under the lease. During the lease, they handle maintenance coordination and oversight, inspections, lease renewals, evictions, tenant communication, rent collection and disbursement, and accounting.",Residential only,10+ years,800+,A+,"$69 to $199, depending on plan",,,,Phoenix,AZ,https://ipropertymanagement.com/companies/phoenix-az
On Q Property Management,"1011 N Val Vista Dr #101, Gilbert, AZ 85234",Phoenix,AZ,85234,480-518-9910,,,"On Q Property Management is a low-cost residential property management company serving the greater Phoenix area for more than 11 years. On Q provides exceptional value for their comprehensive rental managing services. The process begins with an investment consultation and/or rental analysis to gain insight into what you can expect for your rental income property. Once you move forward, content-rich media will be used to market your property in all the major rental markets and conduct showings to collect applications. Tenant screening narrows down the list and helps to ensure that the rental process is smooth throughout the term of the lease (which is protected by a 12-month guarantee). Tenants receive access to 24/7 maintenance and rent payments while owners can check in on the property status, financials, market statistics, and more.",Residential only,11+ years,2500+,A+,$75 per month,,,,Phoenix,AZ,https://ipropertymanagement.com/companies/phoenix-az
Home365,"7272 E Indian School Rd #540, Scottsdale, AZ 85251",Phoenix,AZ,85251,800-837-0037,,,"Home365 offers full-service residential property management services to owners and investors throughout Phoenix. Home365 strives to eliminate the hassles of property management, working to minimize your vacancy and maximize your profits through their full-service property management. Their services begin with a complimentary rental analysis to accurately price your property and identify any renovations that could boost your earning potential. As part of their leasing services, they’ll take care of creating a listing for your property, syndicating it across multiple platforms to extensively advertise your vacancy, screening prospective tenants, drafting and executing the lease agreement, and handling all move-in procedures so you can get started earning right away. During tenancy, Home365 serves as the point of contact for your tenants, communicating with them, answering maintenance requests promptly, and collecting rent payments in a timely manner. Their management services also include periodic inspections, lease renewals and evictions, and financial reporting.",Residential and commercial,1+ year,Unknown,C+,6% – 9% of monthly rent,,,,Phoenix,AZ,https://ipropertymanagement.com/companies/phoenix-az
AZ Property Management Group,"7025 W Bell Rd Ste 10, Glendale, AZ 85308",Phoenix,AZ,85308,623­-910­-5612,,,"AZ Property Management Group provides full-service property management to clients throughout Phoenix and the surrounding areas. AZ PMG works to make earning passive rental income simple and stress-free, prioritizing communication and integrity in their services. Before you begin the leasing process, they’ll perform a free rental analysis to outline your expected monthly income and identify ways to help you achieve your goals and improve your earning potential. To ensure your property is seen by as many potential tenants as possible, it is marketed extensively across multiple major rental platforms, with showings available daily to fill your vacancy more quickly. Applicants undergo a thorough background check and are screened for credit, rental, and criminal history, so you can have peace of mind knowing your property is in qualified, respectful hands. Management with AZ PMG includes legal guidance, maintenance coordination, periodic inspections, lease management, rent collection, evictions, and financial reporting, with income and expense statements generated for you monthly.",Residential only,17+ years,Unknown,N/A,10% of monthly rent or $175 per month depending on the service plan,,,,Phoenix,AZ,https://ipropertymanagement.com/companies/phoenix-az
Arizona Property Management & Investments,"7025 N 56th Ave, Glendale, AZ 85301",Phoenix,AZ,85301,888-777-6664,,,"Arizona Property Management & Investments handles all types of residential housing in the Glendale and Phoenix area with more than 16 years in business and 25+ years of experience. Arizona Property Management & Investments takes a proactive approach to property management; rather than fixing problems when they arise, they take the right steps to avoid them from happening at all. This includes extensive market research to maximize income, vigorous tenant screening to avoid delinquency, legal expertise to navigate Arizona’s Landlord-Tenant laws, and reliable maintenance and inspections to keep the home in good condition. They will collect rent, make required payments like property tax or insurance, and prepare monthly & yearly statements to keep you informed and make tax season easy.",Residential only,16+ years,Unknown,A+,Contact for pricing,,,,Phoenix,AZ,https://ipropertymanagement.com/companies/phoenix-az
American Associates Property Management,"2310 S. McClintock Dr, Tempe, AZ 85282",Phoenix,AZ,85282,480-966-9030,,,"American Associates Property Management is a highly experienced residential-only property management company serving the greater Phoenix area for more than 45 years. American Associates works to enhance your investment value through prompt, courteous, and accessible customer service for your tenants. A 24/7 emergency line ensures that someone is always available to help your tenants and protect your property if something goes wrong. When it comes to protecting your investment, American Associates handles maintenance, rent collection, law and HOA compliance, and turnover between leases. You’ll receive regular financial reports that include income and expenses that are paid on your behalf with profits deposited on the day of your choosing each month.",Residential only,45+ years,Unknown,A+,Contact for pricing,,,,Phoenix,AZ,https://ipropertymanagement.com/companies/phoenix-az
City Property Management,"4645 E Cotton Gin Loop, Phoenix, AZ 85040",Phoenix,AZ,85040,602-932-0715,,,"City Property Management serves Phoenix and the surrounding area with both HOA management and residential management services. City Property Management provides full-service property management that spans the entire rental process as well as HOA and community management that helps simplify your life. Daily management includes tenant placement, daily management, and financial management so that you can sit back and relax. Their services are aided by their CITICYNC program which makes information about your property, community, and HOA readily accessible to owners and tenants alike so that you can stay informed and tenants can feel heard thanks to 24-hour response times and 24/7 emergency maintenance support. City’s comprehensive HOA services work to improve communication, organization, and quality of life in your community. They provide administrative, financial, maintenance, and legal assistance so that you can focus more on how to make your HOA or community better for its members.",Residential and HOA,41+ years,Unknown,A+,Contact for pricing,,,,Phoenix,AZ,https://ipropertymanagement.com/companies/phoenix-az
Ashford Management Services,"7502 E Monterey Way, Scottsdale, AZ 85251",Phoenix,AZ,85251,602-863-4474,,,"Ashford Management Services aims to make things as simple as possible for property owners. Ashford Management Services aims to make things as simple as possible for property owners. Providing strictly residential services to Phoenix and the surrounding areas, they help homeowners who want to earn passive income to lease their home with as little stress as possible. Ashford diligently screens all tenants to help avoid problems during the lease term and makes it easy for tenants to pay or request maintenance, which keeps them under lease, paying, and happy. Maintenance, evictions, inspections, financial reporting, and tax preparation are just a few of the owner duties they manage autonomously. Their flat-rate model and no fees during vacancy means that you can rest assured that they are working to find the best fit for your property possible.",Residential only,24+ years,Unknown,A+,Contact for pricing,,,,Phoenix,AZ,https://ipropertymanagement.com/companies/phoenix-az
GoldenWest Management Inc.,"3420 E. Shea Blvd, Suite 161, Phoenix, AZ 85028",Phoenix,AZ,85028,602-765-4750,,,"GoldenWest Management Is a residential-only property management company providing full-service management for single and multi-family properties throughout Phoenix. GoldenWest wants to help you “rent like you mean it” with the help of their full-service, professional property management services that allow you to earn more, spend less, and free yourself from the time and stress of being a landlord. Their services are comprehensive, offering assistance with all steps of the leasing process from start to finish. Tenant placement is available so that you can get a high-quality tenant quickly so that you can begin collecting rental income sooner and more consistently. This includes marketing, showings, screening, and lease drafting as well as all move-in procedures. During the lease, their management ensures that all rent is collected efficiently and provided to you as soon as possible, with on-call maintenance 24/7 provided through the tenant portal so that problems can be solved before they get expensive or dangerous. GoldenWest also provides you with access to inspection reports and financial summaries through the owner portal so that you can stay informed at all times.",Residential only,17+ years,Unknown,A,Contact for pricing,,,,Phoenix,AZ,https://ipropertymanagement.com/companies/phoenix-az
Fort Lowell Realty and Property Management,"3020 E Camelback Rd. #255, Phoenix, AZ 85016",Phoenix,AZ,85016,602-441-3492,,,"Fort Lowell Realty and Property Management offers personalized residential property management services to Phoenix property owners. Fort Lowell aims to make it as easy as possible to rent your property for top dollar. Their services include rehab and home improvements to provide the best return on investment, attract better tenants, and secure regular rental income. You can also be assured that the property and lease are legally compliant at all times. They can market the property, find and screen tenants, prepare the lease, and maintain all tenant-facing responsibilities associated with renting. They provide customer support and maintenance 24/7, and collect rent through an online tenant portal so that you always get paid.",Residential only,29+ years,1000+,N/A,Contact for pricing,,,,Phoenix,AZ,https://ipropertymanagement.com/companies/phoenix-az
LHM Realty,"550 W Baseline Rd, Ste 102-122, Mesa, AZ 85210",Phoenix,AZ,85210,480-382-1608,,,"LHM Realty works with residential property owners & investors throughout the Greater Phoenix Metro area. LHM specializes in residential property management, offering full-service solutions that take care of everything from finding tenants to overseeing the tenancy for you so that you can take a step back from the time investment it takes to be a landlord. They’ll provide you with an initial analysis to outline earning potential and help you to make a plan to move forward with the rental process before committing to a full-service solution. Vacant properties will be filled quickly with a tenant who passes their strict criteria through marketing, showings, and screening so that you can enjoy peace of mind with your investment while LHM takes care of everything for you. During the lease term, they’ll collect the rent, coordinate maintenance, address lease issues like renewals & evictions, and generate reports that keep you updated on everything happening with your property at any given time.",Residential only,16+ years,Unknown,A+,Contact for pricing,,,,Phoenix,AZ,https://ipropertymanagement.com/companies/phoenix-az
GoRenter LLC,"2837 W Northern Ave, Phoenix, AZ 85051",Phoenix,AZ,85051,602-512-8300,,,"GoRenter is a residential property management and real estate company with more than 15 years of experience servicing Phoenix homes. GoRenter’s services span the entire rental property process, including acquisition, tenant placement, and daily management solutions that ensure your return on investment stays as high as possible. They’ll assist with locating and purchasing your next investment property, with market analysis & rental analysis to help you create a budget and set expectations for its earning potential. For existing rentals, they’ll recommend improvements to increase your property’s earning potential, price your listing, and prepare the property for the rental market. During tenant placement, GoRenter creates a listing, markets it throughout all the main listing sites online & the MLS, shows the property with a licensed agent, conducts intensive background checks on all applicants, and creates custom-tailored leases that maximize your financial and legal protection. GoRenter’s day-to-day management plans take care of all of the communication, maintenance coordination, inspections, bill payment, rent collection, lease enforcement, and accounting necessary to maintain cash flow while keeping you informed about your investment health at all times.",Residential only,16+ years,Unknown,A+,Contact for pricing,,,,Phoenix,AZ,https://ipropertymanagement.com/companies/phoenix-az
Ultimate Properties,"8518 W. Deer Valley Rd, Ste. 100, Peoria, Arizona 85382",Phoenix,AZ,85382,623-376-8870,,,"Ultimate Properties is a family-owned real estate investment and property management company for both residential and commercial properties in Phoenix. With over 30 years in business and even more experience between the team, Ultimate Properties wants to be your go-to for all investment properties. Their real estate experience allows them to identify unique opportunities in rental properties and build a financial plan to maximize your investment with regular rental income. They provide market analysis to accurately price your listing, market to and screen tenants to find reliable rent payers, and then handle all the tenant’s needs during the terms of the lease. If something goes wrong, they have experience in handling evictions quickly and cost-effectively to minimize vacancies that cost you money.",Residential and commercial,32+ years,600+,A+,Contact for pricing,,,,Phoenix,AZ,https://ipropertymanagement.com/companies/phoenix-az
Taylor Street Property Management,"2929 E Camelback Rd, Ste 219, Phoenix, AZ 85016",Phoenix,AZ,85016,602-603-9777,,,"Taylor Street Property Management is a residential-only property management company working with owners throughout Greater Phoenix. Taylor Street emphasizes maximizing your profitability by protecting your investment and increasing your income. They handle all aspects of property management process so you don’t have to, starting with a free rental analysis that outlines expected income potential so that you can decide whether renting your property is the right choice for you. Their tenant placement includes all necessary steps to find a high-quality tenant in as little time as possible, utilizing extensive marketing and in-depth screenings to ensure anyone trusted with your property is reliable. Custom leasing and security deposit management are also included to ensure things start off on the right foot with full legal compliance assurance for you. Taylor Street’s daily management includes all maintenance, financial, and legal needs of the tenancy, including collecting the rent, coordinating maintenance, enforcing the lease, providing accounting for the property, and more.",Residential only,4+ years,Unknown,A+,Contact for pricing,,,,Phoenix,AZ,https://ipropertymanagement.com/companies/phoenix-az
"Bennett Property Management, Inc.","101 East 1st Avenue, #105, Mesa, AZ 85210",Phoenix,AZ,85210,480-969-1818,,,"Bennett Property Management owns more than 50 years of experience serving property owners in the Greater Phoenix area. Bennett PM specializes in residential property management for all kinds of properties, providing full-service solutions spanning both leasing and daily management services so that you don’t need to overextend yourself. Their team will begin by providing you with a rental analysis of your property to outline expected earnings, make recommendations for improvements to increase your earnings, and help you get the property ready for the rental market quickly so that you can minimize vacancy periods for maximum profitability. Bennett’s leasing takes care of creating a listing, marketing it through local & online rental resources, showing the property to potential applicants as needed, screening for information like criminal or rental history, verifying income, and drafting a custom lease with full legal compliance for your peace of mind. During the lease, Bennett PM assumes the role of the landlord, allowing you to be hands-off throughout the process while they address maintenance, collect rent, answer calls, and address lease issues as they arise to maintain reliable cash flow.",Residential only,50+ years,2000+,A+,Contact for pricing,,,,Phoenix,AZ,https://ipropertymanagement.com/companies/phoenix-az
Guardian Realty & Management Inc,"2334 E Osborn Rd, Phoenix, AZ 85016",Phoenix,AZ,85016,602-861-2300,,,"Guardian Realty & Management offers residential real estate and property management to the Greater Phoenix area, backed by over 40 years of local market experience. Guardian provides full-service management and investor services that span the entirety of the rental process, including buying a rental property, preparing it for leasing, and filling the vacancy for you. Their goal is to help you increase the value of your investment and protect your property so that you can enjoy maximum profitability with minimal time investment, stress, or responsibility. Whether you currently own a property or are looking to add a rental property to your portfolio, Guardian provides free market and rental analyses to help you budget effectively and set expectations for income, expenses, and long-term profitability. Services available include buying assistance, leasing services that find you a high-quality tenant quickly thanks to extensive marketing and rigorous tenant screening, and daily management that handles all the needs of your tenant and property. This includes rent collection, upkeep, maintenance, communication & emergency concierge, lease enforcement & renewals, and financial summaries each month to keep you up-to-date.",Residential only,41+ years,Unknown,A+,Contact for pricing,,,,Phoenix,AZ,https://ipropertymanagement.com/companies/phoenix-az
HomeRiver Group® Phoenix,"3337 N. Miller Rd, Suite 105, Phoenix, AZ 85251",Phoenix,AZ,85251,480-970-1999,,,"HomeRiver Group Phoenix offers residential property management services to the Greater Phoenix area. HomeRiver Group Phoenix helps you to achieve a steady profit with your rental property investment with as little stress or time investment as possible. They use their local experience paired with the tools and information provided by their national brand HomeRiver to offer advanced insight, accurate pricing information, modern tools, and up-to-date strategies that help you keep costs down and income high. A rental analysis is available for free to help you decide whether to lease your property, which helps to prepare you for their tenant placement services which find you a tenant through extensive marketing, in-depth screening, and custom leasing. HomeRiver Group Phoenix emphasizes protecting your property with their management plans, ensuring to conduct preventative maintenance and inspections regularly to avoid major problems from arising so that you can avoid surprise expenses. They also utilize an online tenant portal where rent is collected, maintenance can be requested, and all communication can be done at any time for faster response times. You’ll receive your own portal as well, providing monthly financial summaries, annual tax information, and reports on any inspections or maintenance completed so that you can track your profitability at any time.",Residential only,16+ years,"32,000+",A-,Contact for pricing,,,,Phoenix,AZ,https://ipropertymanagement.com/companies/phoenix-az
Impero Property Management LLC,"530 E McDowell Rd, 107-285, Phoenix, AZ 85004",Phoenix,AZ,85004,602-635-9790,,,"Impero Property Management has more than a decade of residential property management and real estate experience in the Greater Phoenix Valley. Impero is a highly-rated property and real estate management company who works with investors and owners of residential properties, helping to achieve hands-off rental income for you so that you can spend your time how you want to. If you’re looking to get involved in the Phoenix market, their real estate team can help you identify investment opportunities, create plans & budgets, and acquire the property through real estate brokerage services. Existing property owners are also entitled to a rental analysis where they appraise your property’s earning potential, find ways to increase your rental income, and transition the property so that it is rent-ready as soon as possible. For vacant properties, Impero takes over finding a tenant and beginning the tenancy for you with marketing, showings, screening, and leasing services that ensure a trustworthy tenant is placed so that you can rest easy knowing your investment is in good hands. If any problems arise during the lease term, Impero’s 24/7 emergency support handles them quickly and effectively to help avoid costly disasters while providing peace of mind to your tenants. Additionally, all daily needs of the property and tenant are addressed, including timely rent collection and maintenance handling through the 24/7 tenant portal, lease management, evictions, and accounting that makes it easy to stay informed without being involved.",Residential only,13+ years,Unknown,A+,Contact for pricing,,,,Phoenix,AZ,https://ipropertymanagement.com/companies/phoenix-az
Beehive Property Management,"1855 E Southern Ave #212, Mesa, AZ 85204",Phoenix,AZ,85204,480-981-1430,,,"Beehive Property Management is a full-service property management company offering residential management solutions to Phoenix property owners and investors. Beehive PM works to make it easy to get started earning passive rental income, whether you’re an experienced investor or just getting started. Offering a full suite of management services, their team strives to help you minimize your vacancy and maximize your income. Their licensed professionals hold multiple decades of combined Phoenix property management experience, giving them the knowledge, insight, and skills necessary to help your investment thrive and ensure you achieve the highest possible ROI. They pride themselves on staying ahead of the competition through continued education, effective communication, and their use of the latest technology, keeping investors and property owners informed on the status of your investment around the clock. To ensure you’re protected from costly penalties and fines, they also stay up-to-date on all laws and regulations pertaining to your rights as a landlord. When you choose Beehive PM for your management needs, you can have peace of mind knowing your investment is in the hands of professionals who will always put your best interests first.",Residential only,15+ years,Unknown,A+,Contact for pricing,,,,Phoenix,AZ,https://ipropertymanagement.com/companies/phoenix-az
PMI Real Estate Services,"7717 W Deer Valley Rd Ste 120, Peoria, AZ 85382",Phoenix,AZ,85382,480-641-9163,,,"PMI Real Estate Services is a real estate brokerage and property management company in Phoenix providing services for properties and communities of all types. PMI Real Estate Services utilizes state-of-the-art technology and innovative strategies backed by over 20 years of industry experience to provide exceptional realty and management services to property owners, investors, and community managers throughout Phoenix. As part of the nationwide PMI brand, they are committed to enhancing, improving, and adding value to all properties and communities under their management through effective communication, transparency, integrity, 24/7 availability, and accurate accounting. If any tenant they place needs to be evicted for any reason, not only will they handle all legal fees up to $2,000, but they’ll also replace the tenant at no additional cost to you if their lease is broken within the first 9 months of the lease term. Additionally, you won’t have to pay until they get you results, and if you’re unhappy with their services, you can terminate your management agreement penalty-free so long as you provide 30 days’ notice.","Residential, commercial and HOA",14+ years,Unknown,A+,Contact for pricing,,,,Phoenix,AZ,https://ipropertymanagement.com/companies/phoenix-az
Property Managers in Nearby Cities,,Phoenix,AZ,,,,,,,,,,,,,,Phoenix,AZ,https://ipropertymanagement.com/companies/phoenix-az
Evernest,"1701 Oxmoor Rd, Birmingham, AL 35209",Birmingham,AL,35209,205-940-6363,,,"Evernest is a residential property management company that works with single-family and smaller multi-unit properties throughout Birmingham. Evernest offers full-service property management that focuses on making it stress-free to lease your property and begin earning rental income by handling all aspects of being a landlord. They provide a free rental analysis of your property that helps to properly market your property so that you can attract the right tenants while maximizing your profit. Marketing is conducted through MLS and major rental sites with professional photography that helps the property to sell. As part of their tenant placement services, they guarantee that they’ll fill your property’s vacancy within 21 days, or your first 2 months of fees are waived and if the tenant needs to be evicted within a year, they’ll replace them for free. They also guarantee all maintenance for 1 year and guarantee you’ll be happy with their services, but if you aren’t you can cancel at any time without fees.",Residential only,13+ years,"4,500+",A+,$89 – $179 per month depending on plan or 8% monthly for 5+ properties,one month’s rent with the investor and gold plans,$299 with the investor and gold plans,$149 annual inspection with the investor and gold plans,Birmingham,AL,https://ipropertymanagement.com/companies/birmingham-al
Specialized Property Management,"2320 Highland Ave S Ste 290D, Birmingham, AL 35205",Birmingham,AL,35205,205-417-1572,,,"Specialized Property Management works exclusively with residential properties throughout Birmingham with nearly 4 decades of experience. SPM takes a high-tech and communication-focused approach to full-service residential property management. They use the tool Rental-iQ to provide them with advanced insight into market trends and you with up-to-date information relating to maintenance and financial summaries that are always accessible to you.They have a 24/7 concierge service that answers calls live with a real person to help solve problems as quickly as possible, including maintenance calls which are immediately available to be conducted by a licensed contractor so that you can keep your tenants happy. Their services include marketing, tenant placement, rent collection, maintenance, and eviction processing with each plan including accounting services as well to help make tax season simpler.",Residential only,37+ years,"23,439+",A+,"$99 – $189, depending on plan","60 – 100%, depending on plan","$250 – $475, depending on plan",$395 virtual tour with the standard plan,Birmingham,AL,https://ipropertymanagement.com/companies/birmingham-al
Signal Property Management,"512 10th St N, Birmingham, AL 35203",Birmingham,AL,35203,205-831-4002,,,"Signal Property Management offers residential property management to property owners in Birmingham and the surrounding areas. Signal knows firsthand how frustrating managing your property on your own can be, which is why they offer full-service property management that handles all of your daily needs, allowing you to get back to enjoying life while they generate passive income from your investment. They utilize the latest technology to streamline the management process and communicate with tenants and owners alike to keep you informed. Digital and traditional advertising ensure your property gets in front of as many potential tenants as possible, and applicants are screened for multiple points of background information before approval so you can have peace of mind knowing your property is in respectful, qualified hands. Throughout the lease term, Signal handles rent collection and disbursement, bill payment, legal guidance, frequent inspections, regular and emergency maintenance coordination, income and expense reporting, lease renewals, and evictions.",Residential only,4+ years,Unknown,A-,9 – 10% of monthly rent,"100% of one month’s rent or the greater of 50% of one month’s rent or $500, depending on plan",$250,Inspections – $150 each;,Birmingham,AL,https://ipropertymanagement.com/companies/birmingham-al
Mega Agent Rental Management,"2635 Valleydale Rd, Ste 200, Birmingham AL 35244",Birmingham,AL,35244,205-475-1655,,,"Mega Agent Rental Management is a residential property management and HOA management company serving the Greater Birmingham area. Mega Agent specializes in multi-family residential properties and condo association management that provides comprehensive and cost-effective solutions that add value to your investment. Their full-service property management includes tenant placement services, rent collection, maintenance, evictions, and accounting so that you can sit back and relax while you earn your rental income. Their association management helps you to more easily manage your community through administrative assistance, accounting services, budgeting & planning assistance, common area maintenance, landscaping, staffing, and service to individual units that allows tenants to access an online portal to request maintenance or pay their bills. Both plans include free consultation and evaluation of your property or community as well so it’s easy to get started.",Residential and HOA,10+ years,Unknown,A+,10% of gross monies collected,one month’s rent,$250,$250 tenant-occupied-property set-up fee,Birmingham,AL,https://ipropertymanagement.com/companies/birmingham-al
"Divine Approach Real Estate and Property Management Firm, LLC","2421 2nd Ave N, Ste 1, Birmingham, AL 35203",Birmingham,AL,35203,205-715-8953,,,"Divine Approach provides comprehensive property management and real estate services that include full-service management to residential and commercial properties as well as HOAs and communities. Divine Approach provides services for all aspects of the rental property process from start to finish. Their real estate division can help to identify unique rental property options to purchase that will provide a high ROI for your investment while their property management services prepare it for leasing, market the property, screen tenants, and draft the lease for the tenancy. During tenancy, they answer maintenance calls, provide upkeep, collect rent, and more for individual properties with community services including common area maintenance, bookkeeping, community building, and administrative work. Financial summaries are provided monthly alongside inspection reports and other updates being provided through the owner portal which is accessible 24/7.","Residential, commercial, and HOA",6+ years,Unknown,A+,"10% of one month’s rent or $70, whichever is greater",100% of first full month’s rent,$250/unit,"$275 screening and leasing fee, $125/unit occupied property on-boarding fee",Birmingham,AL,https://ipropertymanagement.com/companies/birmingham-al
Real Property Management Victory,"1522 Montclair Rd, Birmingham, AL 35210",Birmingham,AL,35210,205-793-0700,,,"Real Property Management Victory is a management company that works with both residential and commercial properties in Birmingham. RPM Victory can take a wide range of properties and get them ready to be leased for top-dollar. They offer a free rental analysis and advice on what should be done to get it rent-ready or increase the value of the property. They utilize a number of tools to find comparable rentals and analyze the market which helps them to identify the right price to list for so that you maximize income while reaching the right type of tenant. All applicants are screened for criminal and rental history to help avoid damage during tenancy with income verification that ensures you receive your rent each month from reliable tenants. During the lease, they take over all day-to-day management like rent collection and maintenance while conducting regular inspections that aim to catch problems before they get worse.",Residential and commercial,2+ years,Unknown,A,7.9 – 10.9% of the monthly rent,"75% of one month’s rent with a management plan or 100% of one month’s rent (min. $1,000) for tenant placement only",,$199 property setup and marketing fee for tenant placement only plan,Birmingham,AL,https://ipropertymanagement.com/companies/birmingham-al
1st Choice Properties,"100 Century Park South Suite 104, Birmingham, AL +35226",Birmingham,AL,35226,205-433-9811,,,"1st Choice Properties provides full-service residential and commercial property management and real estate services to clients throughout Birmingham and the surrounding areas. 1st Choice Properties operates as a brokerage also offering full-service property management, making them a one-stop shop for all of your real estate investment needs. They were originally formed to work alongside Alliance Wealth Builders, Inc. (AWB), a real estate investment firm in the area. Because of their partnership, for any properties purchased through AWB, they don’t charge any first-time leasing fees. 1st Choice strives to help investors and property owners achieve and maintain wealth through the passive rental income generated from your rental property, and they’ll handle all daily operations required to keep it profitable. Not only will they use their expertise to provide quality management services, but they also provide resources for property owners to keep you informed at all times.",Residential and commercial,11+ years,488+,C,10% of monthly rent ($70 minimum),100% of one month’s rent,50% of one month’s rent,,Birmingham,AL,https://ipropertymanagement.com/companies/birmingham-al
Renters Warehouse Birmingham,"2112 11th Ave S, Ste 528, Birmingham, AL 35205",Birmingham,AL,35205,205-208-4763,,,"Renters Warehouse Birmingham is the local branch of national chain Renters Warehouse, providing residential property management and real estate services to the Greater Birmingham area. Renters Warehouse provides real estate services to investors looking to expand their portfolio with rental property in addition to offering full-service property management services for a wide range of residential properties. You can choose between tenant placement, management, or a combination of both that covers all steps of leasing your property from purchase to the end of the lease. They conduct free market research to help price your property effectively as part of their marketing campaigns while conducting showings to potential tenants who have to pass a screening process to verify income, rental history, and criminal history. They also draft the lease and manage security deposits, inspections, and delivering possession of the unit before taking over all daily operations during the lease term. These management services include collecting rent, performing maintenance, paying bills, paying you, and handling evictions if necessary. Financial accounting is also included with monthly reports that keep you informed.",Residential only,15+ years,Unknown,A+,$99/unit,,,"$99 account set-up fee, $199 if with existing tenants, $199 eviction admin fee",Birmingham,AL,https://ipropertymanagement.com/companies/birmingham-al
Birmingham Home Leasing,"4000 Eagle Point Corporate Dr Ste 240, Birmingham, AL 35242",Birmingham,AL,35242,205-259-1918,,,"Birmingham Home Leasing serves owners and investors of $1500+ per month residential rental properties throughout the Birmingham Metro area. Birmingham Home Leasing’s goal is to make it easy to get started earning passive rental income. Whether you need help finding and placing tenants or want to hand off all daily responsibilities, they can assist at any stage of the leasing and management process, customizing their services to meet your needs. As part of their tenant placement services, they will advertise your vacancy on multiple major rental sites such as Trulia, Zillow, and Hotpads, coordinate self-showings for interested applicants, screen potential tenants thoroughly, facilitate the lease signing, and escrow the security deposit. Daily management with Birmingham Home Leasing includes maintenance and inspections, rent collection, bill payment and accounting, tenant communication, lease renewals, evictions, and more.",Residential only,7+ years,Unknown,A+,"2.5 – 5% of rental rate, or 7.5% of rental rate for 15+ properties","50 – 100% of first month’s rent, depending on rental amount",,,Birmingham,AL,https://ipropertymanagement.com/companies/birmingham-al
Decas Group,"490 Wildwood Cir N Ste 170, Birmingham, AL 35209",Birmingham,AL,35209,205-982-5647,,,"Decas Group is a residential property management and real estate company serving the Greater Birmingham area. Decas Group can help investors to find a rental property to purchase as well as help property owners to begin earning rental income with full-service management. They conduct market research and provide a free rental analysis on your property that identifies the ideal price point for your property so that you don’t leave extra money on the table. They offer tenant screening services that include preparing for leasing, showing the property, screening tenants, and drafting the lease as well as management that includes inspections, maintenance, rent collection, bill payment, landscaping, eviction oversight, and accounting services to help you stay hands-off with your investment. With Decas Group, you can cancel their plan at any time without penalty and all maintenance is backed by a 3-month guarantee so you can be confident in any work done.",Residential only,9+ years,Unknown,A+,10%,,,,Birmingham,AL,https://ipropertymanagement.com/companies/birmingham-al
Freedom Ventures Property Management,"3605 8th Ave S # B, Birmingham, AL 35222",Birmingham,AL,35222,205-315-0054,,,"Freedom Ventures Property Management serves residential property owners and investors throughout Birmingham and the surrounding areas. Freedom Ventures works to minimize your stress and maximize your profits through their full-service property management, offering plans specialized to your individual needs. They pride themselves on utilizing the latest technology to streamline the management process, more efficiently and effectively marketing your property and screening tenants to your vacancy sooner with a high-quality, long-term tenant. Their leasing services also handle drafting the lease agreement, escrowing the security deposit, and conducting the necessary inspections prior to tenancy. Daily management with Freedom Ventures includes answering tenant calls, performing preventative and emergency maintenance, collecting rent, and initiating and overseeing evictions as needed so you can get back to earning as soon as possible. Financial statements, tax documents, and inspection reports are also provided on-demand through the online owner portal, accessible 24/7.",Residential only,2+ years,Unknown,N/A,"8 – 10%, depending on number of units",,,,Birmingham,AL,https://ipropertymanagement.com/companies/birmingham-al
"Continental Realty Management, Inc.","2283 Mt Olive Rd, Gardendale, AL 35071",Birmingham,AL,35071,205-631-0101,,,"Continental Realty Management is a long-standing residential and commercial property management company that services Birmingham and the surrounding areas. Continental has nearly 4 decades of market experience with expert insight into the Birmingham market that allows them to effectively advertise your property. They pride themselves on effective marketing that combines local and online advertisements, including a sign on the front lawn, to reach as many potential applicants as possible while their tenant screening ensures only high-quality tenants are considered. Their management services include no startup costs or administrative fees which makes it easy to get started with rent collection, maintenance, evictions, and accounting services as part of full-service management. Their maintenance staff is in-house which helps to keep costs and timelines down without compromising on quality and their accounting services include monthly statements, 1099 distribution, and bookkeeping to help you stay on top of things at all times.",Residential and commercial,37+ years,600+,A+,10% of collected rents,,,,Birmingham,AL,https://ipropertymanagement.com/companies/birmingham-al
PURE Property Management,"100 Chase Park South Suite 216, Hoover, AL 35244",Birmingham,AL,35244,205-682-9106,,,"PURE Property Management offers residential property management services for clients throughout Alabama, including the Birmingham area. PURE PM prides themselves on the innovative management solutions that have allowed them to increase clients’ properties’ operating efficiency and maximize returns. Their process is backed by over 12,000 5-star reviews and a proven track record of success, so when you partner with them for your Birmingham property management needs, you can have peace of mind knowing your investment is in safe hands. Not only do they boast more than 2,000 years of combined real estate and property management experience, but they’re also trusted by over 25,000 clients nationwide. With their cutting-edge technology, PURE PM strives to transform and elevate the property management industry to the highest standard of quality.",Residential only,13+ years,25000,N/A,10% of monthly rent,50% of one month’s rent,,,Birmingham,AL,https://ipropertymanagement.com/companies/birmingham-al
Watts Realty Company,"1527 3rd Ave S #102, Birmingham, AL 35233",Birmingham,AL,35233,205-251-1267,,,"Watts Realty Company is one of the longest-standing property management and real estate companies in all of Birmingham, boasting more than 115 years in business. Watts Realty Company works to provide complete real estate and property management solutions that are backed by over a century of experience to help you make the most of your rental property investment. They’ll use their extensive market knowledge to help you identify investment opportunities that fit your budget, are in great neighborhoods, and offer investment growth so that you can maximize your return. Existing rental property owners can start with a free rental analysis to provide you with a rent estimate, recommend improvements to increase earning potential, and create a plan for marketing the listing to the ideal demographic. Watts’s tenant placement provides everything necessary to find a high-quality tenant quickly, get them into a lease that ensures legal compliance, and begin generating rental income you can rely on. This is accomplished through marketing campaigns that span the MLS, rental sites, and local sites as well as in-depth tenant screening that checks all aspects of the tenant to make sure that they’re worth trusting with your most valuable investment. Daily management includes all tenant communication, maintenance coordination, rent collection, bill payment, lease enforcement, renewals, evictions, and financial reporting through the owner portal to keep you informed, keep your cash flowing, and allow you to enjoy passive income thanks to their expert skills.",Residential and commercial,116+ years,Unknown,A+,Contact for pricing,1 month’s rent,,,Birmingham,AL,https://ipropertymanagement.com/companies/birmingham-al
Red Rock Realty Group,"1425 Richard Arrington Jr Blvd S, #100, Birmingham, AL 35205",Birmingham,AL,35205,205-324-3383,,,"Red Rock Realty has provided full-service property management for residential and commercial properties and communities throughout the Greater Birmingham area for over 90 years. Red Rock Realty has served properties and communities throughout Birmingham for nearly a century, offering comprehensive management solutions that handle all daily operations so you don’t have to. In addition to their full-service management, they also provide brokerage, investment, and development services, making them your all-in-one source for your real estate needs. The members of their team hold more than a century of combined local market experience, so they are well-equipped with the knowledge and tools to help your property or community succeed. They pride themselves on taking a proactive approach to HOA management, visiting communities regularly, maintaining effective communication, and leveraging their experience and relationships with local vendors to minimize your expenses as well as your stresses. Holding a near 4-star approval rating, Red Rock has established itself as a leading Birmingham property management company, with a reputation for their professionalism, knowledge, and quality.","Residential, commercial, and HOA",90+ years,"2,200+",A+,Contact for pricing,,,,Birmingham,AL,https://ipropertymanagement.com/companies/birmingham-al
Gateway Management Company,"22 Inverness Center Pkwy Ste 222, Birmingham, AL 35242",Birmingham,AL,35242,205-980-3245,,,"Gateway Management Company works with residential properties, associations, and communities to provide property, project, and association management services to the Greater Birmingham area. Gateway has a wide range of capabilities when it comes to helping to build, organize, and manage residential communities or associations. They have extensive experience with organizing and supervising major construction projects and renovations to properties and communities, including development of unused land. They also offer bookkeeping and other financial services like budgeting and tax preparation to communities that can help you to stay profitable. Gateway provides management for individual properties within the community that include tenant placement, lease drafting, rent collection, maintenance, evictions, and communication with tenants to help maintain a high quality of living that makes everyone’s life easier.",Residential and HOA,35+ years,"16,000+",A,Contact for pricing,,,,Birmingham,AL,https://ipropertymanagement.com/companies/birmingham-al
"Neighborhood Management, LLC","2700 Highway 280 Suite 425W, Birmingham, AL 35223",Birmingham,AL,35223,205-877-9480,,,"Neighborhood Management understandably only works with homeowners’ associations throughout the Greater Birmingham area. Neighborhood Management is a full-service HOA and community management company that assists in all aspects of operating a community of properties. They can set your community up with an online website and portal for community members to use or even organize community events for you. Their financial services include creating an annual budget, paying invoices, collecting dues, providing financial summaries to the Board, bidding with vendors and contractors, and more. They can also help with administrative duties such as ensuring compliance with local laws and regulations, acting as a point of contact for the Board, organizing or electing Board members, holding meetings, and coordinating the maintenance of common areas throughout the community to help ensure a high quality of living.",HOA only,15+ years,85+,A+,Contact for pricing,,,,Birmingham,AL,https://ipropertymanagement.com/companies/birmingham-al
"Arlington Properties, Inc.","2 North 20th St, Ste 700, Birmingham, AL 35203",Birmingham,AL,35203,205-328-9600,,,"Arlington Properties is a long-standing residential property management, development, and construction company that specializes in multi-family developments throughout Birmingham. Arlington Properties has more than 5 decades of experience in the local Birmingham market, working with a wide range of properties and communities through all stages of the leasing process from development to daily management. They aim to provide personalized solutions with custom management plans that may include their development and construction services as a means to increase the value of your home or bring a multi-family property investment to life. Their management plans are full-service which means that they can help to fill your vacancies with highly qualified tenants that pass extensive screening and background checks for a lower-risk rental experience as well as take over the daily requirements of managing the property for your tenants. Rent collection, maintenance, re-leasing, evictions, and financial services are available to help save you time, money, and stress on your rental property investment so that you can focus on other projects while reaping the benefits.",Residential only,52+ years,"9,500+",A+,Contact for pricing,,,,Birmingham,AL,https://ipropertymanagement.com/companies/birmingham-al
"Southpace Properties, Inc.","300 Richard Arrington Jr Blvd N #900, Birmingham, AL 35203",Birmingham,AL,35203,205-326-2222,,,"Southpace Properties has nearly 4 decades of experience providing commercial real estate and property management services throughout the Greater Birmingham area. Southpace works with commercial property owners, including industrial, retail, and offices to help them make the most out of their investment. They can help you to find an investment property to purchase that provides a unique opportunity for earning rental income or simply take over the management of your own property. Southpace provides consultation services to potential clients that allows them to learn more about your investment and your goals to discover how to best help you achieve them, including value-add renovations or maintenance that can help you to earn more rental income. After formulating a marketing plan, they place high-quality tenants in your property, draft legal leases that afford you as much protection as possible, and assume responsibility for day-to-day management of the property. Rent collection, upkeep, emergency maintenance, re-leasing, evictions, and accounting are available as part of their management plans which can be customized to meet your individual needs without paying for unnecessary services.",Commercial only,37+ years,Unknown,A+,Contact for pricing,,,,Birmingham,AL,https://ipropertymanagement.com/companies/birmingham-al
"Providian Real Estate Management, Inc.","4513 Valleydale Rd Ste #4, Birmingham, AL 35242",Birmingham,AL,35242,205-874-6677,,,"Providian Real Estate Management offers investing and property management services for residential properties throughout Birmingham. Providian provides customized solutions to property owners and investors alike that include everything from finding rental properties to purchase to helping you earn the most rental income possible for your property. Their goal is to improve your ROI by minimizing expenses through preventative inspections and maintenance, effective tenant placement, and cost-effective services that make your tenants happy and under lease. They offer a free rental analysis, marketing, showings, tenant screening and leasing, and security deposit escrow as part of their tenant placement services. Providian management services include inspections, rent collection, maintenance, phone support, evictions, re-leasing, and more along with monthly and yearly financial reports, tax preparation help, and bookkeeping of income/expense reports.",Residential only,14+ years,Unknown,A+,Contact for pricing,,,,Birmingham,AL,https://ipropertymanagement.com/companies/birmingham-al
"Edge Realty Group, LLC","2100 Southbridge Pkwy Ste 650, Birmingham, AL 35209",Birmingham,AL,35209,205-414-7559,,,"Edge Realty Group provides real estate services, property management, and development services to both residential communities and commercial properties throughout Birmingham. Edge’s goal is to maximize your profits, minimize your expenses, and be your partner in ensuring your investment thrives. They specialize in effective marketing strategies that lead to filling vacancies more quickly so that you can start earning rental income sooner. They effectively market the property, conduct showings, screen tenants, and draft the lease for you to help ensure you’re earning top-dollar rent from a qualified tenant that will treat your property with care. Their management services include all daily duties like answering maintenance calls, providing upkeep to the property, collecting rent, processing evictions, and more. They also offer accounting and financial services like bill payment, monthly financial summaries, inspection reports, and tax preparation which is accessible through the owner portal 24/7.","Residential, commercial, and HOA",8+ years,Unknown,A+,Contact for pricing,,,,Birmingham,AL,https://ipropertymanagement.com/companies/birmingham-al
Southeast Commercial,"714 29th St S Birmingham, AL 35233",Birmingham,AL,35233,205-623-3202,,,"Southeast Commercial offers full-service brokerage and management services to commercial properties throughout Birmingham. Southeast is involved with all aspects of the commercial rental property process, offering real estate services to investors looking to add property to their portfolio as well as management of commercial properties that focuses on enhancing its value. They can provide on-site staff, vendor supervision, maintenance coordination, and growth strategy advice that helps your investment to grow while maintaining a high quality of living for your community. Their management services also include daily management of individual properties or doors, with rent collection, answering maintenance calls, preventative maintenance, and leasing provided for tenancy leases. Budgeting, bookkeeping, bill payment, rent collection, and dues collection are also offered with regular financial reports provided to give you an overview of your investment at a glance.",Commercial and HOA,14+ years,Unknown,A+,Contact for pricing,,,,Birmingham,AL,https://ipropertymanagement.com/companies/birmingham-al
Parkway Realty,"5290 Old Springville Rd, Ste A, Pinson, AL 35126",Birmingham,AL,35126,205-854-8490,,,"Parkway Realty manages residential properties for investors, landlords, and homeowners throughout the Greater Birmingham area. Parkway comprehensive management solutions take the hassles out of Birmingham property management, making earning passive rental income as simple and accessible as possible. As part of their mission, they’re committed to maximizing your ROI, growing your property’s value, and ensuring the highest level of customer satisfaction. Whether you have one property or an entire portfolio, their team prides itself on its ability to tailor their services to your individual needs, giving your investment the personalized care and attention to detail it deserves. Since the company’s establishment in 2004, clients have praised their knowledge, communication, professionalism, and customer service.",Residential only,17+ years,Unknown,A+,Contact for pricing,,,,Birmingham,AL,https://ipropertymanagement.com/companies/birmingham-al
"Turn Key Realty, LLC","1214 Decatur Highway #106, Fultondale, AL 35068",Birmingham,AL,35068,205-841-2250,,,"Turn Key Realty, LLC offers residential property management services to property owners and investors throughout the Birmingham Metropolitan area. Turn Key Realty aims to relieve the burden of self-managing your property, handling all of the day-to-day responsibilities while still allowing you to enjoy all of the benefits of property ownership. Their services begin with a complimentary rental analysis to identify the right price point for your property. As part of their leasing services, they’ll market your property on the MLS and multiple major listing sites to maximize its exposure, show it to potential tenants, screen applicants thoroughly, prepare and execute the lease in compliance with local and state laws, and collect the security deposit. During tenancy, Turn Key Realty coordinates and supervises regular and 24/7 emergency maintenance, collects and disburses rent, communicates with tenants, conducts periodic inspections, processes lease renewals and evictions as needed, and provides monthly and year-end financial statements to keep you up-to-date and informed.",Residential only,10+ years,Unknown,A+,Contact for pricing,,,,Birmingham,AL,https://ipropertymanagement.com/companies/birmingham-al
HomeRiver Group® Birmingham,"1 Chase Corporate Dr Suite 458, Hoover, AL 35244",Birmingham,AL,35244,855-744-4268,,,"HomeRiver Group® Birmingham is the local branch of HomeRiver Group®, providing residential property management services to owners and investors throughout the Greater Birmingham area. HomeRiver Group® Birmingham works to save you time, money, and energy, offering full-service property management that handles all of the daily responsibilities of being a landlord so you can be hands-off entirely. To help you get started, they perform a complimentary rental analysis that provides market insight, outlines your expected rental income, and identifies budget-friendly ways to improve your earning potential. Once your property is market-ready, their team markets your property extensively with professional photography and videography, shows it to potential tenants, screens applicants for multiple points of background information, and drafts and executes the lease in compliance with Alabama Landlord-Tenant laws. During the lease, HomeRiver Group® Birmingham answers maintenance requests, communicates with tenants, collects and disburses rent, conducts inspections, enforces the lease, processes lease renewals and evictions, and provides monthly accounting to keep you up-to-date and informed on your investment’s performance.",Residential only,16+ years,32000+,N/A,Contact for pricing,,,,Birmingham,AL,https://ipropertymanagement.com/companies/birmingham-al
"Barrington Real Estate, Inc.","1820 Pinson St, Birmingham, AL 35217",Birmingham,AL,35217,205-841-5593,,,"Barrington Real Estate, Inc. has nearly 60 years of experience as a Birmingham property management company, working with residential properties throughout the Greater Birmingham area. Barrington Real Estate works with residential properties of all types, ranging from low-income to high-income, and has earned the acclaim of being one of the largest Section 8 landlords in the area. They’re devoted to ensuring client and customer satisfaction through comprehensive management services for property owners and assisting residents in finding affordable, quality rental housing. To further improve the quality of their services, they’ve implemented state-of-the-art technology that allows for greater efficiency, dependable communication, and more. With nearly six decades of real estate investment and management experience, they’ve developed a reputation as a top Birmingham property manager.",Residential only,58+ years,Unknown,A-,Contact for pricing,,,,Birmingham,AL,https://ipropertymanagement.com/companies/birmingham-al
Walton & Tower Real Estate,"2409 Acton Road Suite 137, Birmingham, AL 35243",Birmingham,AL,35243,205-538-0462,,,"Walton & Tower Real Estate is a full-service real estate and property management company in Birmingham serving residential property owners and investors. Walton & Tower RE’s comprehensive real estate solutions address all of your investment needs, whether you’re looking to buy, sell, or lease out your rental property. Specializing in residential real estate, they take the stresses out of getting started with a new investment property, with assistance provided at every step. They’ll work with you to help you achieve your goals and tailor their services to your individualized needs to ensure you’re getting the most from your investment, maximizing your returns, and only paying for what you need.  They believe they differ from the competition because of their attention to detail and dedication to providing the highest level of service to their clients, proven by their track record of success. Walton & Tower RE is praised by clients for their professionalism, customer service, efficiency, and responsiveness, earning them a 3-star approval rating.",Residential only,13+ years,Unknown,A,Contact for pricing,,,,Birmingham,AL,https://ipropertymanagement.com/companies/birmingham-al
"Southern Property Management Group, LLC","2120 16th Avenue South Suite 202 Birmingham, AL 35205",Birmingham,AL,35205,205-568-2533,,,"Southern Property Management Group, LLC specializes in the management of residential and commercial properties and homeowners associations throughout Birmingham and the surrounding areas. Founded in 2006, Southern PMG has managed properties and communities throughout Birmingham for nearly 20 years, offering responsive and fresh customer-oriented service. Over their years in business, they have streamlined their services to be as cost-effective as possible without sacrificing quality, allowing them to maximize your income and minimize your and their expenses. With over 150 years of combined experience in the real estate industry, they boast unsurpassed local market knowledge as well as proactive systematic, mathematical, and objective approaches to Birmingham property management. In addition to providing maintenance and management services for all types of properties and communities, Southern PMG offers accounting, caretaking, and pressure-washing services to guarantee your property’s continued curb appeal.","Residential, commercial and HOA",19+ years,Unknown,A+,Contact for pricing,,,,Birmingham,AL,https://ipropertymanagement.com/companies/birmingham-al
Best Property Managers in Nearby Cities,,Birmingham,AL,,,,,,,,,,,,,,Birmingham,AL,https://ipropertymanagement.com/companies/birmingham-al
